Name,Availability,Data Type,Description,Example Value,Field Path,Notes,Provider,Status,Unit,Version Added,💽 Fleeti Fields (db),💽 Mapping Fields (db)
avl_io_127,rare,number,"Mowing efficiency. ",0,params.avl_io_127,How does it work? What is the difference in comparison to read the output status?,navixy,pending,m2/h,1.0.0,,
avl_io_238,rare,number,"MAC address of NMEA receiver device connected via Bluetooth. ",0,params.avl_io_238,does it help for drivier identification?,navixy,pending,,1.0.0,,
avl_io_243,rare,number,"Duration of event that did generate Green driving. ",1855,params.avl_io_243,what is the difference with movement telemetry fields?,navixy,pending,ms,1.0.0,,
avl_io_207,rare,number,"RFID ID. ",0,params.avl_io_207,to confirm if this is used by customer,navixy,pending,,1.0.0,,
avl_io_303,rare,boolean,"Logic: 0/1 returns movement value. ",1,params.avl_io_303,What this stands for?,navixy,pending,,1.0.0,,
can_axle_load_1,rare,number,,0,params.can_axle_load_1,What this stands for?,navixy,pending,,1.0.0,,
can_axle_load_2,rare,number,,0,params.can_axle_load_2,What this stands for?,navixy,pending,,1.0.0,,
can_axle_load_3,rare,number,,0,params.can_axle_load_3,What this stands for?,navixy,pending,,1.0.0,,
can_axle_load_4,rare,number,,0,params.can_axle_load_4,What this stands for?,navixy,pending,,1.0.0,,
can_axle_load_5,rare,number,,0,params.can_axle_load_5,What this stands for?,navixy,pending,,1.0.0,,
avl_io_935,rare,boolean,"0 - Off 1 - On. ",0,params.avl_io_935,what kind of sensor this is?,navixy,pending,,1.0.0,,
avl_io_936,rare,boolean,0 - Off 1 - On.,0,params.avl_io_936,what kind of sensor this is?,navixy,pending,,1.0.0,,
avl_io_941,rare,boolean,0 - Not fastened 1 - Fastened.,0,params.avl_io_941,-,navixy,pending,,1.0.0,,
avl_io_942,rare,boolean,1 - Not fastened 1 - Fastened.,0,params.avl_io_942,-,navixy,pending,,1.0.0,,
avl_io_943,rare,boolean,2 - Not fastened 1 - Fastened.,0,params.avl_io_943,-,navixy,pending,,1.0.0,,
avl_io_944,rare,boolean,3 - Not fastened 1 - Fastened.,0,params.avl_io_944,-,navixy,pending,,1.0.0,,
EVENT,always,number,"Platform event ID (2=track, 41=power lost, 83=SOS, etc)",2,params.EVENT,-,navixy,pending,-,1.0.0,,
avl_io_940,rare,boolean,0 - Not fastened 1 - Fastened,1,params.avl_io_940,-,navixy,pending,,1.0.0,,
avl_io_945,rare,boolean,0 - Not present 1 - Present,0,params.avl_io_945,-,navixy,pending,,1.0.0,,
avl_io_1,always,boolean,Logic: 0/1,1,params.avl_io_1,-,navixy,pending,,1.0.0,inputs_individual_input_1 (https://www.notion.so/inputs_individual_input_1-2d03e766c90181a09897d0d06a86957c?pvs=21),
avl_io_21,always,number,Value in range 1-5 Explanation,5,params.avl_io_21,-,navixy,pending,,1.0.0,,
avl_io_232,conditional,boolean,CNG Status,0,params.avl_io_232,-,navixy,pending,,1.0.0,,
avl_io_239,always,boolean,0 - Ignition Off 1 - Ignition On,1,params.avl_io_239,-,navixy,pending,,1.0.0,,
avl_io_240,always,boolean,0 - Movement Off 1 - Movement On,1,params.avl_io_240,-,navixy,pending,,1.0.0,is_moving_value (https://www.notion.so/is_moving_value-2d03e766c90181ad9c30c74cd862e17c?pvs=21),motion.is_moving_value from Navixy (https://www.notion.so/motion-is_moving_value-from-Navixy-2d13e766c9018177a7eec9640fce6d8a?pvs=21)
avl_io_960,rare,boolean,0 - Off 1 - On,0,params.avl_io_960,-,navixy,pending,,1.0.0,,
ble_beacon_id,rare,string,BLE beacon identifier (hex),0D54C06CA38255AAB8FE6A174E2D0055,params.ble_beacon_id,-,navixy,pending,-,1.0.0,,
can_ignition_state,conditional,boolean,"Ignition state (0=off, 1=on)",1,params.can_ignition_state,-,navixy,pending,-,1.0.0,,
gsm.signal.csq,always,number,"Mobile network signal strength (0-31, 99=unknown)",31,params.gsm.signal.csq,-,navixy,pending,-,1.0.0,,
ibutton,conditional,string,iButton/Dallas key identifier (hex),BA0000002B4D4E01,ibutton,-,navixy,pending,-,1.0.0,,
moving,always,boolean,"Device movement status (0=stationary, 1=moving)",1,params.moving,-,navixy,pending,-,1.0.0,"is_moving_last_updated_at (https://www.notion.so/is_moving_last_updated_at-2d03e766c9018119b691e68c4f1ec728?pvs=21), is_moving_value (https://www.notion.so/is_moving_value-2d03e766c90181ad9c30c74cd862e17c?pvs=21)","motion.is_moving_last_updated_at from Navixy (https://www.notion.so/motion-is_moving_last_updated_at-from-Navixy-2d13e766c901815aac38d264fab13d30?pvs=21), motion.is_moving_value from Navixy (https://www.notion.so/motion-is_moving_value-from-Navixy-2d13e766c9018177a7eec9640fce6d8a?pvs=21)"
obd_dtc_number,rare,number,Number of diagnostic trouble codes,0,params.obd_dtc_number,-,navixy,pending,-,1.0.0,,
raw_mileage,always,number,Raw odometer value from device,85234424,params.raw_mileage,-,navixy,pending,-,1.0.0,,
avl_io_101,conditional,number,Module ID 8 Bytes,0,params.avl_io_101,-,navixy,pending,,1.0.0,,
avl_io_306,rare,number,Frequency value of BLE fuel sensor #1,0,params.avl_io_306,-,navixy,pending,,1.0.0,,
avl_io_86,rare,number,Humidity From firmware version 03.28.00 and up: 65535 - sensor not found 65534 - failed sensor data parsing 65533 - abnormal sensor state,78,params.avl_io_86,-,navixy,pending,%RH,1.0.0,sensors.environment[] (https://www.notion.so/sensors-environment-2d23e766c9018148b6e0ee73ae47e867?pvs=21),
obd_throttle,rare,number,Throttle position,31,params.obd_throttle,-,navixy,pending,%,1.0.0,,
msg_time,always,string,,2025-10-17T00:50:45.000Z,msg_time,-,navixy,pending,,1.0.0,"location_last_changed_at (https://www.notion.so/location_last_changed_at-2ca3e766c901819f990ee8b9e2447410?pvs=21), last_updated_at (https://www.notion.so/last_updated_at-2d03e766c90181f0a2c1d615f9506341?pvs=21)","location.last_changed_at from Navixy (https://www.notion.so/location-last_changed_at-from-Navixy-2cc3e766c9018157b2afdcabb264880f?pvs=21), metadata.last_updated_at from Navixy (https://www.notion.so/metadata-last_updated_at-from-Navixy-2d13e766c901815ba6f6d0a0ed3a1a3b?pvs=21)"
server_time,always,string,,2025-10-17T00:50:50.832Z,server_time,-,navixy,pending,,1.0.0,,
can_engine_hours_relative,conditional,number,,2697.1,params.can_engine_hours_relative,-,navixy,pending,,1.0.0,,
can_fuel_1,conditional,number,unit to validate,86,params.can_fuel_1,-,navixy,pending,,1.0.0,,
can_fuel_litres,conditional,number,,228,params.can_fuel_litres,-,navixy,pending,,1.0.0,,
can_mileage_relative,conditional,number,,50569.2,params.can_mileage_relative,-,navixy,pending,,1.0.0,,
obd_custom_fuel_litres,rare,number,,17,params.obd_custom_fuel_litres,-,navixy,pending,,1.0.0,,
obd_custom_odometer,rare,number,,9.044,params.obd_custom_odometer,relative odometer or from installation?,navixy,pending,,1.0.0,,
heading,always,number,Object heading in degrees (0=North),347,heading,-,navixy,pending,degrees,1.0.0,location_heading (https://www.notion.so/location_heading-2ca3e766c901813a9f0ce33be59ecb26?pvs=21),location.heading from Navixy (https://www.notion.so/location-heading-from-Navixy-2cc3e766c901819f9581e5658144da0e?pvs=21)
lat,always,number,Location latitude coordinate,14.7407,lat,-,navixy,pending,degrees,1.0.0,location_latitude (https://www.notion.so/location_latitude-2ca3e766c9018183a4bee9dc39aca7e4?pvs=21),location.latitude from Navixy (https://www.notion.so/location-latitude-from-Navixy-2cc3e766c90181aab715e7dd7d47e94d?pvs=21)
lng,always,number,Location longitude coordinate,-17.5091,lng,-,navixy,pending,degrees,1.0.0,location_longitude (https://www.notion.so/location_longitude-2ca3e766c9018187a2d5f688c85c2e55?pvs=21),location.longitude from Navixy (https://www.notion.so/location-longitude-from-Navixy-2cc3e766c90181c7b4aff8e76fed0376?pvs=21)
avl_io_331,rare,number,Custom IO element for BLE sensor,183,params.avl_io_331,-,navixy,pending,,1.0.0,,
avl_io_332,rare,number,Custom IO element for BLE sensor,247,params.avl_io_332,-,navixy,pending,,1.0.0,,
avl_io_333,rare,number,Custom IO element for BLE sensor,183,params.avl_io_333,-,navixy,pending,,1.0.0,,
avl_io_520,rare,number,"Agricultural state flags protocol 4, more information click here Flags",0,params.avl_io_520,-,navixy,pending,,1.0.0,,
avl_io_521,rare,number,"Utility state flags protocol 4, more information click here Flags",0,params.avl_io_521,-,navixy,pending,,1.0.0,,
avl_io_522,rare,number,"Cistern state flags protocol 4, more information click here Flags",0,params.avl_io_522,-,navixy,pending,,1.0.0,,
avl_io_657,rare,boolean,0 - Closed 1 - Open,1,params.avl_io_657,-,navixy,pending,,1.0.0,,
avl_io_658,rare,boolean,0 - Closed 1 - Open,0,params.avl_io_658,-,navixy,pending,,1.0.0,,
avl_io_72,rare,number,"Degrees ( deg C ), -55 - +115, if 850 - Sensor not ready if 2000 - Value read error if 3000 - Not connected if 4000 - ID failed if 5000 - same as 850",185,params.avl_io_72,-,navixy,pending,°C,1.0.0,sensors.environment[] (https://www.notion.so/sensors-environment-2d23e766c9018148b6e0ee73ae47e867?pvs=21),
avl_io_73,rare,number,"Degrees ( deg C ), -55 - +115, if 850 - Sensor not ready if 2000 - Value read error if 3000 - Not connected if 4000 - ID failed if 5000 - same as 850",172,params.avl_io_73,-,navixy,pending,°C,1.0.0,sensors.environment[] (https://www.notion.so/sensors-environment-2d23e766c9018148b6e0ee73ae47e867?pvs=21),
ble_temp_sensor_1,rare,number,BLE temperature sensor 1,-217.5,params.ble_temp_sensor_1,-,navixy,pending,°C,1.0.0,sensors.environment[] (https://www.notion.so/sensors-environment-2d23e766c9018148b6e0ee73ae47e867?pvs=21),
ble_temp_sensor_2,rare,number,BLE temperature sensor 2,-181.9,params.ble_temp_sensor_2,-,navixy,pending,°C,1.0.0,sensors.environment[] (https://www.notion.so/sensors-environment-2d23e766c9018148b6e0ee73ae47e867?pvs=21),
ble_temp_sensor_3,rare,number,BLE temperature sensor 3,58.4,params.ble_temp_sensor_3,-,navixy,pending,°C,1.0.0,sensors.environment[] (https://www.notion.so/sensors-environment-2d23e766c9018148b6e0ee73ae47e867?pvs=21),
ble_temp_sensor_4,rare,number,BLE temperature sensor 4,74.1,params.ble_temp_sensor_4,-,navixy,pending,°C,1.0.0,sensors.environment[] (https://www.notion.so/sensors-environment-2d23e766c9018148b6e0ee73ae47e867?pvs=21),
ext_temp_sensor_1,conditional,number,External temperature sensor 1,18.5,params.ext_temp_sensor_1,-,navixy,pending,°C,1.0.0,sensors.environment[] (https://www.notion.so/sensors-environment-2d23e766c9018148b6e0ee73ae47e867?pvs=21),
ext_temp_sensor_2,rare,number,External temperature sensor 2,17.2,params.ext_temp_sensor_2,-,navixy,pending,°C,1.0.0,sensors.environment[] (https://www.notion.so/sensors-environment-2d23e766c9018148b6e0ee73ae47e867?pvs=21),
ext_temp_sensor_3,rare,number,External temperature sensor 3,0,params.ext_temp_sensor_3,-,navixy,pending,°C,1.0.0,sensors.environment[] (https://www.notion.so/sensors-environment-2d23e766c9018148b6e0ee73ae47e867?pvs=21),
lls_temperature_1,rare,number,LLS 1 temperature,32,params.lls_temperature_1,-,navixy,pending,°C,1.0.0,sensors.environment[] (https://www.notion.so/sensors-environment-2d23e766c9018148b6e0ee73ae47e867?pvs=21),
lls_temperature_2,rare,number,LLS 2 temperature,0,params.lls_temperature_2,-,navixy,pending,°C,1.0.0,sensors.environment[] (https://www.notion.so/sensors-environment-2d23e766c9018148b6e0ee73ae47e867?pvs=21),
temp_sensor,rare,number,General temperature sensor,51,params.temp_sensor,-,navixy,pending,°C,1.0.0,sensors.environment[] (https://www.notion.so/sensors-environment-2d23e766c9018148b6e0ee73ae47e867?pvs=21),
avl_io_449,conditional,number,Duration in seconds which is counted while Ignition state is On,66885400,params.avl_io_449,-,navixy,pending,seconds,1.0.0,,
can_engine_hours,conditional,number,Total engine operating hours,0,params.can_engine_hours,-,navixy,pending,hours,1.0.0,,
avl_io_468,rare,number,Custom IO element for BLE sensor,4652896,params.avl_io_468,-,navixy,pending,,1.0.0,,
avl_io_87,conditional,number,Value in meters,82624000,params.avl_io_87,-,navixy,pending,meters,1.0.0,,
can_mileage,conditional,number,Total distance traveled,82624,params.can_mileage,-,navixy,pending,km,1.0.0,,
hw_mileage,always,number,Odometer from device hardware,52963.6,params.hw_mileage,-,navixy,pending,km,1.0.0,,
avl_io_180,conditional,boolean,Logic 0/1,1,params.avl_io_180,-,navixy,pending,,1.0.0,outputs_individual_output_2 (https://www.notion.so/outputs_individual_output_2-2d03e766c901818891b4d611722059ea?pvs=21),
avl_io_24,always,number,GNSS Speed,8,params.avl_io_24,-,navixy,pending,km/h,1.0.0,speed (https://www.notion.so/speed-2d03e766c901815da497ea0c01239cc8?pvs=21),motion.speed from Navixy (https://www.notion.so/motion-speed-from-Navixy-2d13e766c90181c699fdde42374787c5?pvs=21)
avl_io_37,rare,number,Vehicle speed,25,params.avl_io_37,-,navixy,pending,km/h,1.0.0,speed (https://www.notion.so/speed-2d03e766c901815da497ea0c01239cc8?pvs=21),motion.speed from Navixy (https://www.notion.so/motion-speed-from-Navixy-2d13e766c90181c699fdde42374787c5?pvs=21)
avl_io_389,rare,number,Total mileage received by requesting vehicle specific PID,9044,params.avl_io_389,-,navixy,pending,km,1.0.0,,
can_speed,conditional,number,Vehicle speed from CAN,26,params.can_speed,-,navixy,pending,km/h,1.0.0,speed (https://www.notion.so/speed-2d03e766c901815da497ea0c01239cc8?pvs=21),motion.speed from Navixy (https://www.notion.so/motion-speed-from-Navixy-2d13e766c90181c699fdde42374787c5?pvs=21)
obd_speed,rare,number,Vehicle speed from OBD,25,params.obd_speed,-,navixy,pending,km/h,1.0.0,speed (https://www.notion.so/speed-2d03e766c901815da497ea0c01239cc8?pvs=21),motion.speed from Navixy (https://www.notion.so/motion-speed-from-Navixy-2d13e766c90181c699fdde42374787c5?pvs=21)
speed,always,number,Speed determined by tracker GPS,8,speed,-,navixy,pending,km/h,1.0.0,speed (https://www.notion.so/speed-2d03e766c901815da497ea0c01239cc8?pvs=21),motion.speed from Navixy (https://www.notion.so/motion-speed-from-Navixy-2d13e766c90181c699fdde42374787c5?pvs=21)
avl_io_210,rare,number,Fuel level measured by LLS sensor via RS485,0,params.avl_io_210,-,navixy,pending,kvants or ltr,1.0.0,,
avl_io_212,rare,number,Fuel level measured by LLS sensor via RS485,0,params.avl_io_212,-,navixy,pending,kvants or ltr,1.0.0,,
avl_io_270,conditional,number,Fuel Level,4037,params.avl_io_270,-,navixy,pending,,1.0.0,,
avl_io_273,rare,number,Fuel Level,417,params.avl_io_273,-,navixy,pending,,1.0.0,,
avl_io_463,rare,number,Custom IO element for BLE sensor,5061,params.avl_io_463,-,navixy,pending,,1.0.0,,
fuel_level,rare,number,Fuel level in liters,0.0271,params.fuel_level,-,navixy,pending,liters,1.0.0,,
lls_level_1,rare,number,Liquid level sensor 1 fuel level,111,params.lls_level_1,-,navixy,pending,liters,1.0.0,,
lls_level_2,rare,number,Liquid level sensor 2 fuel level,0,params.lls_level_2,-,navixy,pending,liters,1.0.0,,
lls_level_3,rare,number,Liquid level sensor 3 fuel level,0,params.lls_level_3,-,navixy,pending,liters,1.0.0,,
lls_level_4,rare,number,Liquid level sensor 4 fuel level,0,params.lls_level_4,-,navixy,pending,liters,1.0.0,,
avl_io_105,conditional,number,Total Vehicle Mileage,50569210,params.avl_io_105,-,navixy,pending,meters,1.0.0,,
avl_io_16,always,number,Total Odometer value in meters,52963570,params.avl_io_16,-,navixy,pending,,1.0.0,,
avl_io_199,always,number,Trip Odometer value,36,params.avl_io_199,-,navixy,pending,meters,1.0.0,,
avl_io_304,rare,number,Vehicle Range on Battery,415000,params.avl_io_304,-,navixy,pending,meters,1.0.0,,
avl_io_42,rare,number,Runtime since engine start,5793,params.avl_io_42,-,navixy,pending,seconds,1.0.0,,
ble_lls_level_1,conditional,number,,4037,params.ble_lls_level_1,-,navixy,pending,,1.0.0,,
ble_lls_level_2,rare,number,,417,params.ble_lls_level_2,-,navixy,pending,,1.0.0,,
ble_magnet_sensor_1,rare,number,,0,params.ble_magnet_sensor_1,-,navixy,pending,,1.0.0,,
ble_magnet_sensor_2,rare,number,,0,params.ble_magnet_sensor_2,-,navixy,pending,,1.0.0,,
ble_magnet_sensor_3,rare,number,,0,params.ble_magnet_sensor_3,-,navixy,pending,,1.0.0,,
can_consumption_relative,conditional,number,,50332,params.can_consumption_relative,-,navixy,pending,,1.0.0,,
avl_io_123,conditional,number,Control state flags,2164334600,params.avl_io_123,-,navixy,pending,,1.0.0,,
avl_io_653,rare,boolean,0 - Handbrake inactive 1 - Handbrake active,1,params.avl_io_653,-,navixy,pending,,1.0.0,,
avl_io_654,rare,boolean,0 - Closed 1 - Open,1,params.avl_io_654,-,navixy,pending,,1.0.0,,
avl_io_655,rare,boolean,0 - Closed 1 - Open,1,params.avl_io_655,-,navixy,pending,,1.0.0,,
avl_io_112,rare,number,AdBlue level,0,params.avl_io_112,-,navixy,pending,liters,1.0.0,,
avl_io_114,rare,number,Engine Load,0,params.avl_io_114,-,navixy,pending,%,1.0.0,,
avl_io_119,rare,number,Axle 2 load,0,params.avl_io_119,-,navixy,pending,kg,1.0.0,,
acceleration,conditional,number,Acceleration force magnitude,4.116,params.acceleration,-,navixy,pending,g,1.0.0,,
braking,conditional,number,Braking force magnitude,3.626,params.braking,-,navixy,pending,g,1.0.0,,
cornering,conditional,number,Cornering force magnitude,4.018,params.cornering,-,navixy,pending,g,1.0.0,,
cornering_rad,rare,number,Cornering radius in radians,0.58,params.cornering_rad,-,navixy,pending,rad,1.0.0,,
towing,rare,boolean,"Towing detection status (0=no, 1=yes)",1,params.towing,-,navixy,pending,-,1.0.0,,
avl_io_111,rare,number,AdBlue,0,params.avl_io_111,-,navixy,pending,%,1.0.0,,
event_code,always,number,"Event type identifier (2=track, 11-18=input, 111-118=output, etc)",78,params.event_code,-,navixy,pending,-,1.0.0,,
sub_event_code,rare,string,Sub-event type identifier,30_68,params.sub_event_code,-,navixy,pending,-,1.0.0,,
avl_io_108,rare,number,Humidity From firmware version 03.28.00 and up: 65535 - sensor not found 65534 - failed sensor data parsing 65533 - abnormal sensor state,93,params.avl_io_108,-,navixy,pending,%RH,1.0.0,sensors.environment[] (https://www.notion.so/sensors-environment-2d23e766c9018148b6e0ee73ae47e867?pvs=21),
avl_io_110,rare,number,Fuel rate,0,params.avl_io_110,-,navixy,pending,l/h,1.0.0,,
avl_io_118,rare,number,Axle 1 load,0,params.avl_io_118,-,navixy,pending,kg,1.0.0,,
avl_io_152,rare,number,Battery level in percent,73,params.avl_io_152,-,navixy,pending,%,1.0.0,,
avl_io_43,rare,number,Distance ormattin MIL on,0,params.avl_io_43,-,navixy,pending,km,1.0.0,,
outputs,always,number,Output status bitmask,2,outputs,-,navixy,pending,-,1.0.0,"outputs_individual_output_3 (https://www.notion.so/outputs_individual_output_3-2d03e766c90181e7bbeaed8b10e0630d?pvs=21), outputs_individual_output_2 (https://www.notion.so/outputs_individual_output_2-2d03e766c901818891b4d611722059ea?pvs=21), outputs_individual_output_1 (https://www.notion.so/outputs_individual_output_1-2d03e766c90181a4b67df7592999fa05?pvs=21)",
avl_io_385,rare,number,List of Beacon IDs,-1,params.avl_io_385,-,navixy,pending,,1.0.0,,
avl_io_388,conditional,number,Module ID 17 Bytes,-1,params.avl_io_388,-,navixy,pending,,1.0.0,,
can_throttle,conditional,number,Accelerator pedal position,87,params.can_throttle,-,navixy,pending,%,1.0.0,,
humidity_1,rare,number,Humidity sensor 1,0,params.humidity_1,-,navixy,pending,%,1.0.0,sensors.environment[] (https://www.notion.so/sensors-environment-2d23e766c9018148b6e0ee73ae47e867?pvs=21),
humidity_2,rare,number,Humidity sensor 2,0,params.humidity_2,-,navixy,pending,%,1.0.0,sensors.environment[] (https://www.notion.so/sensors-environment-2d23e766c9018148b6e0ee73ae47e867?pvs=21),
adc,always,array,,"[0.087, 0.087]",adc,-,navixy,pending,,1.0.0,,
can_engine_state,conditional,number,,1,params.can_engine_state,is it like ignition?,navixy,pending,,1.0.0,,
can_low_tire_pressure,conditional,number,,0,params.can_low_tire_pressure,-,navixy,pending,,1.0.0,,
can_seat_belt_driver_state,conditional,number,,1,params.can_seat_belt_driver_state,-,navixy,pending,,1.0.0,,
avl_io_390,rare,number,Fuel level in litres received by requesting vehicle specific PID,170,params.avl_io_390,-,navixy,pending,liters,1.0.0,,
can_engine_temp,conditional,number,Engine coolant temperature,86,params.can_engine_temp,-,navixy,pending,°C,1.0.0,,
avl_io_471,rare,number,Custom IO element for BLE sensor,2084,params.avl_io_471,-,navixy,pending,,1.0.0,,
can_fuel_rate,rare,number,Instantaneous fuel consumption rate,0,params.can_fuel_rate,-,navixy,pending,l/h,1.0.0,,
avl_io_6,conditional,number,Voltage,86,params.avl_io_6,-,navixy,pending,volts,1.0.0,,
avl_io_66,always,number,Voltage,12888,params.avl_io_66,-,navixy,pending,volts,1.0.0,,
avl_io_9,conditional,number,Voltage,86,params.avl_io_9,-,navixy,pending,volts,1.0.0,,
obd_time_since_engine_start,rare,number,Time since engine start. to confirm if it reset every trip,5793,params.obd_time_since_engine_start,-,navixy,pending,seconds,1.0.0,,
board_voltage,always,number,External power supply voltage,12.888,params.board_voltage,-,navixy,pending,volts,1.0.0,,
ble_pitch_1,rare,number,,216,params.ble_pitch_1,-,navixy,pending,,1.0.0,,
ble_pitch_2,rare,number,,70,params.ble_pitch_2,-,navixy,pending,,1.0.0,,
ble_roll_1,rare,number,,-130,params.ble_roll_1,-,navixy,pending,,1.0.0,,
ble_roll_2,rare,number,,-160,params.ble_roll_2,-,navixy,pending,,1.0.0,,
can_consumption,rare,number,,211000,params.can_consumption,-,navixy,pending,,1.0.0,,
avl_io_2,conditional,boolean,Logic: 0/1,1,params.avl_io_2,-,navixy,pending,,1.0.0,inputs_individual_input_2 (https://www.notion.so/inputs_individual_input_2-2d03e766c90181dd9789d27137cdc03e?pvs=21),
can_battery_level,rare,number,,73,params.can_battery_level,-,navixy,pending,,1.0.0,,
can_brake_pad_wear,conditional,number,,0,params.can_brake_pad_wear,-,navixy,pending,,1.0.0,,
can_electronics_power_control,conditional,number,,0,params.can_electronics_power_control,-,navixy,pending,,1.0.0,,
avl_io_126,rare,number,Area of harvest in square meters,0,params.avl_io_126,-,navixy,pending,m2,1.0.0,,
avl_io_759,rare,number,0 Not available 1 Gasoline 2 Methanol 3 Ethanol 4 Diesel 5 LPG 6 CNG 7 Propane 8 Electric 9 Bifuel running Gasoline 10 Bifuel running Methanol 11 Bifuel running Ethanol 12 Bifuel running LPG 13 Bifuel running CNG 14 Bifuel running Propane 15 Bifuel running Electricity 16 Bifuel running electric and combustion engine 17 Hybrid gasoline 18 Hybrid Ethanol 19 Hybrid Diesel 20 Hybrid Electric 21 Hybrid running electric and combustion engine 22 Hybrid Regenerative 23 Bifuel running diesel,1,params.avl_io_759,-,navixy,pending,,1.0.0,,
avl_io_125,rare,boolean,Towing event detection,0,params.avl_io_125,Not in FMB140 spec,navixy,pending,-,1.0.0,,
avl_io_252,conditional,boolean,0 - battery present 1 - battery unplugged,1,params.avl_io_252,-,navixy,pending,,1.0.0,,
avl_io_30,rare,number,Number of DTC,0,params.avl_io_30,-,navixy,pending,,1.0.0,,
avl_io_208,rare,number,0 - target left zone 1 - target entered zone 2 - over speeding end 3 - over speeding start,1,params.avl_io_208,-,navixy,pending,,1.0.0,,
can_warning,conditional,boolean,"General CAN warning indicator (0=no warning, 1=warning)",0,params.can_warning,-,navixy,pending,-,1.0.0,,
obd_mil_status,conditional,boolean,"Malfunction Indicator Lamp status (0=off, 1=on)",1,params.obd_mil_status,-,navixy,pending,-,1.0.0,,
avl_io_131,rare,number,Gap under harvesting drum,0,params.avl_io_131,-,navixy,pending,mm,1.0.0,,
avl_io_132,conditional,number,Security state flags,3.60E+16,params.avl_io_132,-,navixy,pending,,1.0.0,,
avl_io_14,rare,number,"Value of SIM ICCID, LSB",8247569,params.avl_io_14,-,navixy,pending,,1.0.0,,
avl_io_179,conditional,boolean,Logic: 0/1,1,params.avl_io_179,-,navixy,pending,,1.0.0,outputs_individual_output_1 (https://www.notion.so/outputs_individual_output_1-2d03e766c90181a4b67df7592999fa05?pvs=21),
avl_io_241,always,number,Currently used GSM Operator code,60801,params.avl_io_241,-,navixy,pending,,1.0.0,,
avl_io_25,rare,number,"Degrees ( deg C ), -40 - +125; Error codes: 4000 - abnormal sensor state 3000 - sensor not found 2000 - failed sensor data parsing From firmware version 03.28.00 and up: 32767 - sensor not found 32766 - failed sensor data parsing 32765 - abnormal sensor state",3000,params.avl_io_25,-,navixy,pending,°C,1.0.0,sensors.environment[] (https://www.notion.so/sensors-environment-2d23e766c9018148b6e0ee73ae47e867?pvs=21),
avl_io_253,conditional,number,1 - harsh acceleration 2 - harsh braking 3 - harsh cornering,2,params.avl_io_253,-,navixy,pending,,1.0.0,,
avl_io_26,rare,number,"Degrees ( deg C ), -40 - +125; Error codes: 4000 - abnormal sensor state 3000 - sensor not found 2000 - failed sensor data parsing From firmware version 03.28.00 and up: 32767 - sensor not found 32766 - failed sensor data parsing 32765 - abnormal sensor state",3000,params.avl_io_26,-,navixy,pending,°C,1.0.0,sensors.environment[] (https://www.notion.so/sensors-environment-2d23e766c9018148b6e0ee73ae47e867?pvs=21),
avl_io_27,rare,number,"Degrees ( deg C ), -40 - +125; Error codes: 4000 - abnormal sensor state 3000 - sensor not found 2000 - failed sensor data parsing From firmware version 03.28.00 and up: 32767 - sensor not found 32766 - failed sensor data parsing 32765 - abnormal sensor state",3000,params.avl_io_27,-,navixy,pending,°C,1.0.0,sensors.environment[] (https://www.notion.so/sensors-environment-2d23e766c9018148b6e0ee73ae47e867?pvs=21),
avl_io_28,rare,number,"Degrees ( deg C ), -40 - +125; Error codes: 4000 - abnormal sensor state 3000 - sensor not found 2000 - failed sensor data parsing From firmware version 03.28.00 and up: 32767 - sensor not found 32766 - failed sensor data parsing 32765 - abnormal sensor state",3000,params.avl_io_28,-,navixy,pending,°C,1.0.0,sensors.environment[] (https://www.notion.so/sensors-environment-2d23e766c9018148b6e0ee73ae47e867?pvs=21),
avl_io_3,conditional,boolean,Logic: 0/1,1,params.avl_io_3,-,navixy,pending,,1.0.0,inputs_individual_input_3 (https://www.notion.so/inputs_individual_input_3-2d03e766c901813bbee0c3fa3064ee2e?pvs=21),
avl_io_4,rare,number,"Counts pulses, count is reset when records are saved",1,params.avl_io_4,-,navixy,pending,,1.0.0,inputs_individual_input_4 (https://www.notion.so/inputs_individual_input_4-2d03e766c9018143b9d6ebca8bb7987a?pvs=21),
avl_io_90,conditional,number,"0: Closed, 1: Open",512,params.avl_io_90,Not in FMB140 spec,navixy,pending,-,1.0.0,,
external_power_state,rare,boolean,"External power state (0=disconnected, 1=connected)",1,params.external_power_state,-,navixy,pending,-,1.0.0,,
hdop,rare,number,"Horizontal Dilution of Precision (1=excellent, 20=poor, -1=unknown)",1,hdop,-,navixy,pending,-,1.0.0,location_precision_hdop (https://www.notion.so/location_precision_hdop-2ca3e766c90181949968c99df059a882?pvs=21),location.precision.hdop from Navixy (https://www.notion.so/location-precision-hdop-from-Navixy-2cc3e766c90181128608da5ce24be86c?pvs=21)
satellites,always,number,Number of connected satellites (-1=unknown/LBS),15,satellites,-,navixy,pending,-,1.0.0,location_precision_satellites (https://www.notion.so/location_precision_satellites-2ca3e766c90181239aa3fc1f92fdbe0a?pvs=21),location.precision.satellites from Navixy (https://www.notion.so/location-precision-satellites-from-Navixy-2cc3e766c90181e885eff8e454b6c797?pvs=21)
avl_io_104,rare,number,Humidity From firmware version 03.28.00 and up: 65535 - sensor not found 65534 - failed sensor data parsing 65533 - abnormal sensor state,75,params.avl_io_104,-,navixy,pending,%RH,1.0.0,sensors.environment[] (https://www.notion.so/sensors-environment-2d23e766c9018148b6e0ee73ae47e867?pvs=21),
avl_io_20,rare,number,Battery level of sensor #2,69,params.avl_io_20,-,navixy,pending,%,1.0.0,sensors.environment[] (https://www.notion.so/sensors-environment-2d23e766c9018148b6e0ee73ae47e867?pvs=21),
avl_io_22,rare,number,Battery level of sensor #3,72,params.avl_io_22,-,navixy,pending,%,1.0.0,sensors.environment[] (https://www.notion.so/sensors-environment-2d23e766c9018148b6e0ee73ae47e867?pvs=21),
avl_io_23,rare,number,Battery level of sensor #4,61,params.avl_io_23,-,navixy,pending,%,1.0.0,sensors.environment[] (https://www.notion.so/sensors-environment-2d23e766c9018148b6e0ee73ae47e867?pvs=21),
avl_io_391,rare,number,Private mode state: 0 - Private mode off 1 - Private mode on,1,params.avl_io_391,-,navixy,pending,,1.0.0,,
avl_io_465,rare,number,Custom IO element for BLE sensor,0,params.avl_io_465,-,navixy,pending,,1.0.0,,
avl_io_517,conditional,number,"Security state flags protocol 4, more information click here Flags",61,params.avl_io_517,-,navixy,pending,,1.0.0,,
avl_io_947,rare,boolean,0 - Unlocked 1 - Locked,0,params.avl_io_947,-,navixy,pending,,1.0.0,,
battery_level,always,number,Internal battery level percentage,81,params.battery_level,-,navixy,pending,%,1.0.0,,
ble_battery_level_2,rare,number,BLE sensor 2 battery level,69,params.ble_battery_level_2,-,navixy,pending,%,1.0.0,,
ble_battery_level_3,rare,number,BLE sensor 3 battery level,72,params.ble_battery_level_3,-,navixy,pending,%,1.0.0,,
ble_battery_level_4,rare,number,BLE sensor 4 battery level,61,params.ble_battery_level_4,-,navixy,pending,%,1.0.0,,
ble_humidity_1,rare,number,BLE humidity sensor 1,7.8,params.ble_humidity_1,-,navixy,pending,%,1.0.0,sensors.environment[] (https://www.notion.so/sensors-environment-2d23e766c9018148b6e0ee73ae47e867?pvs=21),
ble_humidity_2,rare,number,BLE humidity sensor 2,7.5,params.ble_humidity_2,-,navixy,pending,%,1.0.0,sensors.environment[] (https://www.notion.so/sensors-environment-2d23e766c9018148b6e0ee73ae47e867?pvs=21),
can_adblue_level,rare,number,DEF/AdBlue tank level,0,params.can_adblue_level,-,navixy,pending,%,1.0.0,,
pdop,rare,number,Indicates the current state of the electric power steering (EPS) system.,0.9,pdop,-,navixy,pending,,1.0.0,location_precision_pdop (https://www.notion.so/location_precision_pdop-2ca3e766c90181dcba57dd07a6f0990e?pvs=21),location.precision.pdop from Navixy (https://www.notion.so/location-precision-pdop-from-Navixy-2cc3e766c90181859797c2b8c56c4f4f?pvs=21)
can_front_right_door,conditional,number,,1,params.can_front_right_door,-,navixy,pending,,1.0.0,,
can_low_fuel,conditional,number,,0,params.can_low_fuel,-,navixy,pending,,1.0.0,,
can_oil_pressure_or_level,conditional,number,,0,params.can_oil_pressure_or_level,-,navixy,pending,,1.0.0,,
can_rear_left_door,conditional,number,,1,params.can_rear_left_door,-,navixy,pending,,1.0.0,,
can_rear_right_door,conditional,number,,1,params.can_rear_right_door,-,navixy,pending,,1.0.0,,
can_trunk_state,conditional,number,,1,params.can_trunk_state,-,navixy,pending,,1.0.0,,
avl_io_124,conditional,number,Agricultural machinery flags,0,params.avl_io_124,-,navixy,pending,,1.0.0,,
avl_io_464,rare,number,Custom IO element for BLE sensor,14221182,params.avl_io_464,-,navixy,pending,,1.0.0,,
avl_io_472,rare,number,Custom IO element for BLE sensor.,16121856,params.avl_io_472," to clarify if it is from last ignition?",navixy,pending,,1.0.0,,
avl_io_107,conditional,number,Total Fuel Consumed,50332,params.avl_io_107,-,navixy,pending,liters,1.0.0,,
alt,always,number,Location altitude in meters,17,alt,-,navixy,pending,meters,1.0.0,location_altitude (https://www.notion.so/location_altitude-2ca3e766c90181028694d44bbc045c90?pvs=21),location.altitude from Navixy (https://www.notion.so/location-altitude-from-Navixy-2cc3e766c9018182a9a6d381bd055920?pvs=21)
avl_io_68,rare,number,Current,40,params.avl_io_68,-,navixy,pending,A,1.0.0,,
battery_current,rare,number,Internal battery charge/discharge current,0.04,params.battery_current,-,navixy,pending,mA,1.0.0,,
avl_io_67,conditional,number,Voltage,3930,params.avl_io_67,-,navixy,pending,volts,1.0.0,,
avl_io_36,rare,number,Engine RPM,793,params.avl_io_36,-,navixy,pending,rpm,1.0.0,,
avl_io_85,conditional,number,Engine revolutions per minute,1252,params.avl_io_85,Not in FMB140 spec,navixy,pending,rpm,1.0.0,,
can_rpm,conditional,number,Engine speed in RPM,1252,params.can_rpm,-,navixy,pending,rpm,1.0.0,,
obd_rpm,rare,number,Engine revolutions per minute,793,params.obd_rpm,-,navixy,pending,rpm,1.0.0,,
avl_io_916,rare,boolean,0 - Off 1 - On,1,params.avl_io_916,-,navixy,pending,,1.0.0,,
battery_voltage,conditional,number,Internal battery voltage,4.05,params.battery_voltage,-,navixy,pending,volts,1.0.0,,
ble_humidity_3,rare,number,,9.7,params.ble_humidity_3,-,navixy,pending,,1.0.0,sensors.environment[] (https://www.notion.so/sensors-environment-2d23e766c9018148b6e0ee73ae47e867?pvs=21),
ble_humidity_4,rare,number,,9.3,params.ble_humidity_4,-,navixy,pending,,1.0.0,sensors.environment[] (https://www.notion.so/sensors-environment-2d23e766c9018148b6e0ee73ae47e867?pvs=21),
can_coolant_temp_or_level,conditional,number,,1,params.can_coolant_temp_or_level,-,navixy,pending,,1.0.0,,
can_door_state,conditional,number,,1,params.can_door_state,-,navixy,pending,,1.0.0,,
avl_io_120,rare,number,Axle 3 load,0,params.avl_io_120,-,navixy,pending,kg,1.0.0,,
avl_io_467,rare,number,Custom IO element for BLE sensor,16102,params.avl_io_467,-,navixy,pending,,1.0.0,,
avl_io_83,conditional,number,Value in liters,2110005,params.avl_io_83,-,navixy,pending,liters,1.0.0,,
avl_io_84,conditional,number,Value in liters,228,params.avl_io_84,-,navixy,pending,liters,1.0.0,,
can_automatic_retarder,conditional,number,,0,params.can_automatic_retarder,-,navixy,pending,,1.0.0,,
can_central_diff_4hi_locked,conditional,number,,0,params.can_central_diff_4hi_locked,-,navixy,pending,,1.0.0,,
can_central_diff_4lo_locked,conditional,number,,0,params.can_central_diff_4lo_locked,-,navixy,pending,,1.0.0,,
can_clutch_state,conditional,number,,1,params.can_clutch_state,-,navixy,pending,,1.0.0,,
avl_io_250,conditional,boolean,0 - trip stop 1 - trip start From 01.00.24 fw version available with BT app new values: 2 - Business Status 3 - Private Status 4-9 - Custom Statuses,1,params.avl_io_250,-,navixy,pending,,1.0.0,,
avl_io_251,rare,boolean,0 - moving 1 - idling,1,params.avl_io_251,-,navixy,pending,,1.0.0,,
avl_io_656,rare,boolean,0 - Closed 1 - Open,1,params.avl_io_656,-,navixy,pending,,1.0.0,,
avl_io_234,rare,number,CNG Level,0,params.avl_io_234,-,navixy,pending,%,1.0.0,,
avl_io_966,rare,boolean,0 - Off 1 - On,0,params.avl_io_966,-,navixy,pending,,1.0.0,,
avl_io_128,rare,number,Mown volume,0,params.avl_io_128,-,navixy,pending,kg,1.0.0,,
avl_io_907,rare,boolean,0 - Inactive 1 - Active,0,params.avl_io_907,-,navixy,pending,,1.0.0,,
avl_io_908,rare,boolean,0 - Off 1 - On,0,params.avl_io_908,-,navixy,pending,,1.0.0,,
avl_io_910,rare,boolean,0 - Footbrake inactive 1 - Footbrake active,1,params.avl_io_910,-,navixy,pending,,1.0.0,,
avl_io_913,rare,boolean,0 - Closed 1 - Open,0,params.avl_io_913,-,navixy,pending,,1.0.0,,
avl_io_914,rare,boolean,0 - Unplugged 1 - Plugged,0,params.avl_io_914,-,navixy,pending,,1.0.0,,
avl_io_915,rare,boolean,0 - Not charging 1 - Charging,0,params.avl_io_915,-,navixy,pending,,1.0.0,,
avl_io_130,rare,number,Harvesting drum rpm,0,params.avl_io_130,-,navixy,pending,rpm,1.0.0,,
avl_io_248,conditional,number,0 - iButton not connected 1 - iButton connected (Immobilizer) 2 - iButton connected (Authorized Driving),1,params.avl_io_248,-,navixy,pending,,1.0.0,,
avl_io_263,rare,number,"0 - BT is disabled 1 - BT Enabled, not device connected 2 - Device connected, BTv3 Only 3 - Device connected, BLE only 4 - Device connected, BLE + BT",1,params.avl_io_263,-,navixy,pending,,1.0.0,,
avl_io_380,rare,boolean,Logic: 0/1. from where does it come from?,0,params.avl_io_380,-,navixy,pending,,1.0.0,outputs_individual_output_3 (https://www.notion.so/outputs_individual_output_3-2d03e766c90181e7bbeaed8b10e0630d?pvs=21),
can_front_diff_locked,conditional,number,,0,params.can_front_diff_locked,-,navixy,pending,,1.0.0,,
can_front_fog_lights,conditional,number,,0,params.can_front_fog_lights,-,navixy,pending,,1.0.0,,
can_front_left_door,conditional,number,,1,params.can_front_left_door,-,navixy,pending,,1.0.0,,
can_hood_state,conditional,number,,1,params.can_hood_state,-,navixy,pending,,1.0.0,,
can_manual_retarder,conditional,number,,0,params.can_manual_retarder,-,navixy,pending,,1.0.0,,
can_rear_diff_locked,conditional,number,,0,params.can_rear_diff_locked,-,navixy,pending,,1.0.0,,
can_trailer_axle_lift_active_2,conditional,number,,0,params.can_trailer_axle_lift_active_2,-,navixy,pending,,1.0.0,,
can_webasto_state,conditional,number,,0,params.can_webasto_state,-,navixy,pending,,1.0.0,,
obd_mil_activated_distance,rare,number,,0,params.obd_mil_activated_distance,-,navixy,pending,,1.0.0,,
can_pto_state,conditional,number,,0,params.can_pto_state,-,navixy,pending,,1.0.0,,
can_trailer_axle_lift_active_1,conditional,number,,0,params.can_trailer_axle_lift_active_1,-,navixy,pending,,1.0.0,,
raw_can_15,rare,number,,0,params.raw_can_15,-,navixy,pending,,1.0.0,,
raw_can_16,rare,number,,0,params.raw_can_16,-,navixy,pending,,1.0.0,,
raw_can_1,rare,number,,0,params.raw_can_1,-,navixy,pending,,1.0.0,,
raw_can_11,rare,number,,1,params.raw_can_11,-,navixy,pending,,1.0.0,,
raw_can_14,rare,number,,0,params.raw_can_14,-,navixy,pending,,1.0.0,,
raw_can_17,rare,number,,1,params.raw_can_17,-,navixy,pending,,1.0.0,,
raw_can_3,rare,number,,1,params.raw_can_3,-,navixy,pending,,1.0.0,,
raw_can_8,rare,number,,0,params.raw_can_8,-,navixy,pending,,1.0.0,,
raw_can_9,rare,number,,0,params.raw_can_9,-,navixy,pending,,1.0.0,,
avl_io_205,rare,number,GSM base station ID,24393,params.avl_io_205,-,navixy,pending,,1.0.0,,
avl_io_206,rare,number,"Location Area code (LAC), it depends on GSM operator. It provides unique number which assigned to a set of base GSM stations.",6,params.avl_io_206,-,navixy,pending,,1.0.0,,
can_engine_load,rare,number,Engine load percentage,0,params.can_engine_load,-,navixy,pending,%,1.0.0,,
can_abs_state,conditional,boolean,"Anti-lock braking system status (0=inactive, 1=active)",1,params.can_abs_state,-,navixy,pending,-,1.0.0,,
can_eps_state,conditional,number,,0,params.can_eps_state,-,navixy,pending,,1.0.0,,
avl_io_102,conditional,number,Fuel temperature,0,params.avl_io_102,Not in FMB140 spec,navixy,pending,°C,1.0.0,,
avl_io_201,rare,number,Fuel level measured by LLS sensor via RS232/RS485,65532,params.avl_io_201,-,navixy,pending,kvants or ltr,1.0.0,,
avl_io_202,rare,number,Fuel temperature measured by LLS via RS232/RS485,32,params.avl_io_202,-,navixy,pending,°C,1.0.0,sensors.environment[] (https://www.notion.so/sensors-environment-2d23e766c9018148b6e0ee73ae47e867?pvs=21),
avl_io_203,rare,number,Fuel level measured by LLS sensor via RS485,65532,params.avl_io_203,-,navixy,pending,kvants or ltr,1.0.0,,
avl_io_204,rare,number,Fuel temperature measured by LLS via RS485,-128,params.avl_io_204,-,navixy,pending,°C,1.0.0,sensors.environment[] (https://www.notion.so/sensors-environment-2d23e766c9018148b6e0ee73ae47e867?pvs=21),
can_additional_front_fog_lights,conditional,number,,0,params.can_additional_front_fog_lights,-,navixy,pending,,1.0.0,,
can_additional_rear_lights,conditional,number,,0,params.can_additional_rear_lights,-,navixy,pending,,1.0.0,,
can_air_conditioning,conditional,number,,0,params.can_air_conditioning,-,navixy,pending,,1.0.0,,
can_airbag_state,conditional,number,,1,params.can_airbag_state,-,navixy,pending,,1.0.0,,
avl_io_100,conditional,number,Device firmware version identifier,12181,params.avl_io_100,Not in FMB140 spec,navixy,pending,-,1.0.0,,
avl_io_106,rare,number,Humidity From firmware version 03.28.00 and up: 65535 - sensor not found 65534 - failed sensor data parsing 65533 - abnormal sensor state,97,params.avl_io_106,-,navixy,pending,%RH,1.0.0,sensors.environment[] (https://www.notion.so/sensors-environment-2d23e766c9018148b6e0ee73ae47e867?pvs=21),
avl_io_11,rare,number,"Value of SIM ICCID, MSB",8.93E+12,params.avl_io_11,-,navixy,pending,,1.0.0,,
avl_io_115,conditional,number,Engine Temperature,860,params.avl_io_115,-,navixy,pending,°C,1.0.0,,
avl_io_121,rare,number,Axle 4 load,0,params.avl_io_121,-,navixy,pending,kg,1.0.0,,
avl_io_122,rare,number,Axle 5 load,0,params.avl_io_122,-,navixy,pending,kg,1.0.0,,
avl_io_129,rare,number,Grain moisture,0,params.avl_io_129,-,navixy,pending,%,1.0.0,,
avl_io_15,rare,number,Average amount of events on some distance,1000,params.avl_io_15,-,navixy,pending,,1.0.0,,
avl_io_155,rare,number,0 - target left zone 1 - target entered zone 2 - over speeding end 3 - over speeding start,3,params.avl_io_155,-,navixy,pending,,1.0.0,,
avl_io_175,rare,boolean,0 - target left zone 1 - target entered zone,0,params.avl_io_175,-,navixy,pending,,1.0.0,,
avl_io_181,rare,number,PDOP,10,params.avl_io_181,-,navixy,pending,,1.0.0,location_precision_pdop (https://www.notion.so/location_precision_pdop-2ca3e766c90181dcba57dd07a6f0990e?pvs=21),location.precision.pdop from Navixy (https://www.notion.so/location-precision-pdop-from-Navixy-2cc3e766c90181859797c2b8c56c4f4f?pvs=21)
avl_io_182,rare,number,HDOP,6,params.avl_io_182,-,navixy,pending,,1.0.0,location_precision_hdop (https://www.notion.so/location_precision_hdop-2ca3e766c90181949968c99df059a882?pvs=21),location.precision.hdop from Navixy (https://www.notion.so/location-precision-hdop-from-Navixy-2cc3e766c90181128608da5ce24be86c?pvs=21)
avl_io_200,conditional,number,0 - No Sleep 1 - GPS Sleep 2 - Deep Sleep 3 - Online Sleep 4 - Ultra Sleep,3,params.avl_io_200,-,navixy,pending,,1.0.0,,
avl_io_254,conditional,number,"Depending on green driving type: if harsh acceleration or braking - g*100 (value 123 -> 1.23g). If Green driving source is „GPS"" - harsh cornering value is rad/s*100. If source is „Accelerometer"" - g*100.",37,params.avl_io_254,-,navixy,pending,G or rad,1.0.0,,
avl_io_466,rare,number,Custom IO element for BLE sensor,0,params.avl_io_466,-,navixy,pending,,1.0.0,,
avl_io_652,rare,boolean,0 - No key in lock 1 - Key in lock,0,params.avl_io_652,-,navixy,pending,,1.0.0,,
avl_io_69,always,number,"0 - GNSS OFF 1 - GNSS ON with fix 2 - GNSS ON without fix 3 - GNSS sleep 4 - GNSS ON with fix, invalid data",1,params.avl_io_69,-,navixy,pending,,1.0.0,location_precision_fix_quality (https://www.notion.so/location_precision_fix_quality-2ca3e766c90181ef99c3c1c6a12243f4?pvs=21),location.precision.fix_quality from Navixy (https://www.notion.so/location-precision-fix_quality-from-Navixy-2cc3e766c90181219d44dd9ecd3bc09e?pvs=21)
avl_io_76,rare,number,Dallas sensor ID,8.86E+18,params.avl_io_76,-,navixy,pending,,1.0.0,,
avl_io_77,rare,number,Dallas sensor ID,2.74E+18,params.avl_io_77,-,navixy,pending,,1.0.0,,
avl_io_78,conditional,number,iButton ID,9.41E+16,params.avl_io_78,-,navixy,pending,,1.0.0,,
avl_io_80,rare,number,Device data mode (Home On Stop/Roaming/Unknown),5,params.avl_io_80,Not in FMB140 spec,navixy,pending,-,1.0.0,,
avl_io_81,conditional,number,Vehicle Speed,26,params.avl_io_81,-,navixy,pending,km/h,1.0.0,speed (https://www.notion.so/speed-2d03e766c901815da497ea0c01239cc8?pvs=21),motion.speed from Navixy (https://www.notion.so/motion-speed-from-Navixy-2d13e766c90181c699fdde42374787c5?pvs=21)
avl_io_82,conditional,number,Value in percentages,87,params.avl_io_82,-,navixy,pending,%,1.0.0,,
avl_io_898,rare,boolean,0 - No 1 - Yes,1,params.avl_io_898,-,navixy,pending,,1.0.0,,
avl_io_900,rare,boolean,0 - No 1 - Yes,0,params.avl_io_900,-,navixy,pending,,1.0.0,,
avl_io_902,rare,boolean,0 - No 1 - Yes,1,params.avl_io_902,-,navixy,pending,,1.0.0,,
can_hand_brake_state,conditional,boolean,"Hand/parking brake state (0=released, 1=engaged)",1,params.can_hand_brake_state,-,navixy,pending,-,1.0.0,,
impulse_counter_1,rare,number,"Impulse/frequency counter 1. ",7,params.impulse_counter_1,What this stands for?,navixy,pending,-,1.0.0,,
impulse_counter_2,rare,number,Impulse/frequency counter 2.,1,params.impulse_counter_2,What this stands for?,navixy,pending,-,1.0.0,,
status,rare,number,Device status bitmap.,10240,params.status,Useful?,navixy,pending,-,1.0.0,,
avl_io_1086,rare,boolean,0 - No 1 - Yes,0,params.avl_io_1086,-,navixy,pending,,1.0.0,,
avl_io_113,conditional,number,Battery capacity level,81,params.avl_io_113,-,navixy,pending,%,1.0.0,,
avl_io_41,rare,number,Throttle position,31,params.avl_io_41,-,navixy,pending,%,1.0.0,,
avl_io_473,rare,number,Custom IO element for BLE sensor,0,params.avl_io_473,-,navixy,pending,,1.0.0,,
can_footbrake_state,conditional,number,,1,params.can_footbrake_state,-,navixy,pending,,1.0.0,,
can_front_passenger_presence,conditional,number,,0,params.can_front_passenger_presence,-,navixy,pending,,1.0.0,,
can_full_beam_headlights,conditional,number,,1,params.can_full_beam_headlights,-,navixy,pending,,1.0.0,,
can_glow_plug_indicator,conditional,number,,0,params.can_glow_plug_indicator,-,navixy,pending,,1.0.0,,
can_light_signal,conditional,number,,0,params.can_light_signal,-,navixy,pending,,1.0.0,,
can_lights_failure,conditional,number,,0,params.can_lights_failure,-,navixy,pending,,1.0.0,,
can_parking_lights,conditional,number,,1,params.can_parking_lights,-,navixy,pending,,1.0.0,,
can_ready_to_drive,conditional,number,,1,params.can_ready_to_drive,-,navixy,pending,,1.0.0,,
can_rear_centre_seat_belt_state,conditional,number,,1,params.can_rear_centre_seat_belt_state,-,navixy,pending,,1.0.0,,
can_rear_fog_lights,conditional,number,,0,params.can_rear_fog_lights,-,navixy,pending,,1.0.0,,
can_rear_left_seat_belt_state,conditional,number,,1,params.can_rear_left_seat_belt_state,-,navixy,pending,,1.0.0,,
can_rear_right_seat_belt_state,conditional,number,,1,params.can_rear_right_seat_belt_state,-,navixy,pending,,1.0.0,,
can_roof_state,conditional,number,,0,params.can_roof_state,-,navixy,pending,,1.0.0,,
can_seat_belt_passenger_state,conditional,number,,1,params.can_seat_belt_passenger_state,-,navixy,pending,,1.0.0,,
avl_io_89,conditional,number,Value in percentages,86,params.avl_io_89,-,navixy,pending,%,1.0.0,,
avl_io_518,conditional,number,"Control state flags protocol 4, more information click here Flags",4096,params.avl_io_518,-,navixy,pending,,1.0.0,,
avl_io_519,conditional,number,"Indicator state flags protocol 4, more information click here Flags",262,params.avl_io_519,-,navixy,pending,,1.0.0,,
freq_1,rare,number,Frequency input 1,7,params.freq_1,-,navixy,pending,Hz,1.0.0,,
freq_2,rare,number,Frequency input 2,1,params.freq_2,-,navixy,pending,Hz,1.0.0,,
avl_io_469,rare,number,Custom IO element for BLE sensor,0,params.avl_io_469,-,navixy,pending,,1.0.0,,
avl_io_470,rare,number,Custom IO element for BLE sensor,0,params.avl_io_470,-,navixy,pending,,1.0.0,,
avl_io_103,conditional,number,Fuel consumed calculated by GPS,161826,params.avl_io_103,Not in FMB140 spec,navixy,pending,liters,1.0.0,,
avl_io_948,rare,boolean,0 - Unlocked 1 - Locked,0,params.avl_io_948,-,navixy,pending,,1.0.0,,
avl_io_17,rare,number,X axis value,-34,params.avl_io_17,-,navixy,pending,mg,1.0.0,,
avl_io_18,rare,number,Y axis value,55,params.avl_io_18,-,navixy,pending,mg,1.0.0,,
avl_io_19,rare,number,Z axis value,-71,params.avl_io_19,-,navixy,pending,mg,1.0.0,,
axis_x,rare,number,X-axis acceleration (milligravity),-34,params.axis_x,-,navixy,pending,mg,1.0.0,,
axis_y,rare,number,Y-axis acceleration (milligravity),55,params.axis_y,-,navixy,pending,mg,1.0.0,,
axis_z,rare,number,Z-axis acceleration (milligravity),-71,params.axis_z,-,navixy,pending,mg,1.0.0,,
avl_io_235,conditional,boolean,Engine Oil Level Indicator Status,1,params.avl_io_235,-,navixy,pending,,1.0.0,,
ble_frequency_1,rare,number,,0,params.ble_frequency_1,-,navixy,pending,,1.0.0,,
can_cruise_control,conditional,number,,1,params.can_cruise_control,-,navixy,pending,,1.0.0,,
can_dipped_headlights,conditional,number,,1,params.can_dipped_headlights,-,navixy,pending,,1.0.0,,
inputs,always,number,Input status bitmask,2,inputs,-,navixy,pending,-,1.0.0,"inputs_individual_input_4 (https://www.notion.so/inputs_individual_input_4-2d03e766c9018143b9d6ebca8bb7987a?pvs=21), inputs_individual_input_3 (https://www.notion.so/inputs_individual_input_3-2d03e766c901813bbee0c3fa3064ee2e?pvs=21), inputs_individual_input_2 (https://www.notion.so/inputs_individual_input_2-2d03e766c90181dd9789d27137cdc03e?pvs=21), inputs_individual_input_1 (https://www.notion.so/inputs_individual_input_1-2d03e766c90181a09897d0d06a86957c?pvs=21)",